term	review_reason
distress	援助を直ちに必要とする船という具体的な遭難状況があり、対訳も一致する。
distress traffic	妨害する送信を止める対象が遭難通信で、道路交通の意味にしていない。
on scene	救助船が今現場にいる状態を述べ、到着途中ではない。日本語も自然。
narrow band direct printing	文字通報という通信方式の対比を短く示し、無線電話と混同しない。
overboard	乗組員の海中転落という状況を示し、船の転覆とは混同しない。
aground	入口付近の座礁という位置と状態があり、単なる停船とは異なる。
capsize	波により小型船が転覆する可能性を述べ、必ず転覆するという因果にしない。
flooded	機関室への浸水と沈みかける船という個別の状態を示す。浸水すべてが沈没するという規則にはしない。
watch	無線聴守を続ける行為と指定周波数を示し、時計の用法ではない。
guard	周波数を目的語に取る動詞guardsで、Coast Guardや警備員と区別できる。
traffic	遭難通信と通常通報の優先関係を述べ、船舶の往来とは区別される。
frequency	呼出しに使った周波数を指定する文で、抽象的な出現頻度の意味ではない。
clear	周波数を遭難通信のために空けておく構造で、keep clear ofと異なる。
sensitivity	弱い信号の検出能力として受信感度を示す。性能の唯一の要因と断定する説明を追加しない。
port	一文で港と左舷が別々に現れ、二義を周囲の語から読み分けられる。
starboard	小型船が右舷から近づく方向を示す。進路優先権の一般規則を暗示しない。
pilot	入港前に船へ乗る人物で、水先人の語義が文脈から分かる。
anchorage	港外の錨地で待つ具体的場面で、岸壁への係留とは区別できる。
fairway	通航水域を空けておくという指示で、ゴルフ場の用法ではない。
air draught	橋梁の下を通る場面と船の高さを対応させ、船底下の余裕と混同しない。
lines	出港前に解くmooring linesで、回線・航路・一般の線ではない。
lock	閘門に水が入る間に船が待つ状況を示し、普通の鍵の意味と区別できる。
next port of call	次の寄港地を尋ねる問いで、最終目的地とは断定していない。
final destination	海峡の先の港を最終目的地とする個別の航海を示す。
dense fog	港の入口を覆う霧という気象状況を示し、視界不良の原因が分かる。
poor visibility	減速する理由が視界不良と明示され、原因を必ず濃霧と決めていない。
restricted visibility	視界制限下で運航する状況を示し、操船能力の制約と取り違えない。
hampered	操舵装置の損傷が操船を妨げる具体的原因で、曖昧な障害一般へ広げていない。
fouled	推進器にロープが絡む状態を示し、単に汚れたという語義ではない。
congested	港の入口が船で混雑する状態で、無線通信の量という意味と区別できる。
unseaworthy	損傷した個別の船が航海不適と述べる。損傷すべてが航海不適と一般化しない。
dragging	強風時に錨が走錨する状況で、錨を巻き上げる作業とは異なる。
swell	西から来る大きなうねりという方向・海況を示し、船自体の揺れではない。
ballast	出港前のバラスト調整という具体的作業で、浸水した水と混同しない。
heading	向首方向制御装置が方向を維持する名詞の用法で、heading forとは異なる。
bearing	救助船の方位を報告する文で、自船の向首方向と対象を分けられる。
course	船の針路と速度を報告する用法で、過程や講座の一般義ではない。
cable	浮標からの距離を数値cablesで示し、索・電線とは区別できる。
knots	12ノットで航行する船速を示し、結び目とは区別できる。
make a lee	救助艇のために大型船が風よけを作る具体的な役割を示す。
heave to	援助を待つため航行を抑える状況で、投錨と同義にしない。
keep clear	of the rescue vesselを避ける対象として示す。専門義をこの構造に合わせて修正。
transmitting blind	受信機故障により応答を聞けないまま送信している状態と対訳が一致する。
shall	主体・義務・故障報告・出発前の順序が分かる。教材用仮例で法令そのものとは表示しない。
shall not	notにより干渉の禁止となる構造が明示され、単なる非義務の訳にしていない。
may	通報中継が許可される条件をif節で示す。義務ではないという対訳が一致する。
unless	聴守義務と他局が引き継ぐ例外を対応させる。逆条件に訳していない。
except	統制局を対象から除外する構造を示し、全局が同じ対象と誤読しない。
provided	送信許可が周波数の空きという条件付きである。be provided withの意味ではない。
subject to	設備使用に主管庁の承認という制約がある例で、無条件の許可として訳さない。
at least	受信機台数の下限を示す仮例。実際の設置義務として提示しない。
in accordance with	行為が承認された手順に従う構造で、準拠先の訳が一致する。
prior to	設備試験が出発前であるという時系列を示す。後の意味と逆転していない。
only when	送信許可が通信路の空きに限定される。一般のwhenより制約が強い訳を保持。
where practicable	知らせる義務に実行可能性の条件が付く。場所指定という訳にしていない。
on the authority of	行為を実行する通信士と権限を持つ船長を分けて示す。
without delay	通知を遅滞なく行う時間の指示で、特定の分数を捏造していない。
regardless of	発信元に左右されない適用を示し、除外条件と逆に訳していない。
bulkhead	隔壁から水が漏れる具体的状態で、船内の部位を示す意味と対訳が一致する。
