term	decision	reason	learningPoint	risk	asset
coast station	A	陸上側の局と船上の局の位置・通信相手を一目で区別できる。	海岸側の無線局と船側の無線局が通信する関係。	衛星地球局や港管理者の建物へ置換しない。アンテナの特定型式を必須としない。	shore-ship-radio
ship station	A	海岸局との同じ関係を船側から読めるため、同一画像が両局の設置場所の区別に有効。	船にある無線局が海岸側と通信する関係。	船長という人物と局を混同しない。船自体を局の唯一の外観と教えない。	shore-ship-radio
aircraft station	A	空中の航空機側と地上側の局の位置が区別できる。	航空機上の局と地上の航空局が通信する関係。	地上局を管制塔だけに固定せず、衛星経由と誤認する要素を加えない。	air-ground-radio
aeronautical station	A	航空機局と同じ関係を地上側から読めるため、共通画像が通信主体の区別に有効。	航空機と通信する地上側の無線局。	局と航空交通業務を同一の建物・役職に固定しない。	air-ground-radio
coast earth station	B	衛星を含む中継経路は描けるが、無線局画像に皿アンテナを足すだけでは語義が確定せず図解化しやすい。	衛星通信の地上側という役割。	一般の海岸局との外観だけの分類は誤り。	
master	B	船長の肖像や制服では通信士・水先人との役割の区別が増えない。	船長という報告・権限の主体。	服装で船長を判定する誤学習。	
administration	C	主管庁という行政上の主体は庁舎外観で表せない。	承認を行う行政上の主体。	特定国の庁舎へ意味を狭める。	
rescue coordination center	B	建物やモニターの絵では調整機関と現場の救助隊を区別できない。	救助活動を連絡・調整する役割。	救助艇そのものの意味へ置換。	
distress	B	一つの海難場面では重大な危険の程度やurgencyとの区分を判断させにくい。	直ちに援助が必要な遭難状況。	描いた事故をすべてdistressと教える。	
urgency	C	通信の区分は事故の見た目だけで確定できない。	安全に関する緊急通報の区分。	負傷や故障を必ず特定区分にする。	
distress alert	B	警報装置の絵では最初の警報と後続の遭難通信を分けられない。	遭難の発生を知らせる段階。	特定機器のランプや画面へ限定。	
distress traffic	C	通信内容の区分は船の往来の絵では示せない。	遭難に関する通信のやり取り。	船舶交通のtrafficへ引っ張る。	
radiotelephony	B	マイクを持つ人だけでは無線電話と有線電話の方式差を教えられない。	音声を使う無線通信方式。	汎用の通話画像だけになる。	
acknowledge	C	受信確認という通信上の行為はうなずく人物では正確に示せない。	受け取ったことを知らせる。	作業完了や承認と混同。	
relay	C	通信経路の中継には複数段階の図解が必要で、今回の単一場面画像の効果が薄い。	通報を別の相手へ中継する。	単なる直接送信と誤認。	
medical advice	B	医師やけが人の絵は描けるが、助言と治療・搬送の役割差を示しにくい。	船外へ医療上の助言を求める。	実際の医療処置を教える画像になる。	
maritime safety information	C	安全情報の範囲は特定の気象・浮標一つの絵へ限定できない。	海上の安全に関わる情報。	個別の海難通報と混同。	
mayday	C	信号の識別には文字・音が必要で、海難の絵だけではPAN PANと区別できない。	遭難を示す呼出し信号。	事故の見た目を信号選択の規則とする。	
pan pan	C	緊急信号そのものを無文字の絵で識別できない。	安全に関する緊急通信の信号。	医療相談すべてを同一信号とする。	
survival craft	B	救命艇やいかだの一例は描けるが、単一外観へ意味を狭めるおそれがある。	退避に使う救命用船艇の総称。	救助に来る艇と救命用船艇の混同。	
on scene	B	救助船の絵では到着前と到着済みを明確に分けられず、既存の日本語説明の効果を超えにくい。	現場にいる状態。	航行中の船を現場到着と断定。	
gmdss	C	制度の名称であり単一装置の外観に置き換えられない。	遭難・安全通信の世界的制度。	一個の装置をGMDSSそのものとして描く。	
navtex	B	受信機の外観は安全情報受信という機能を文字なしで示しにくい。	海上安全情報を受信する方式。	特定の機種・表示画面を固定。	
epirb	B	装置は描けるが多様な外観を一型式へ固定する危険があり、局所資料から外観を確定しない。	遭難警報と位置情報を伝える標識。	浮標・通常の無線機との誤認。	
digital selective calling	C	デジタル呼出しの方式は機器や船の絵だけでは識別できない。	呼出しと音声通信の段階の違い。	特定画面やボタンの操作教材へ逸脱。	
narrow band direct printing	B	紙や受信機の絵は文字通信という方式の意味を十分に増やさない。	文字通報を受ける通信方式。	一般のプリンタの絵になる。	
overboard	A	船上と海中の人の位置の違いを直接読める。	乗組員が船外の海中に転落した状況。	船の転覆と混同させない。非写実・非流血で、救助手順や装備選択を教えない。	person-overboard
aground	A	船底が海底に接している関係を文章より速く把握できる。	船が浅瀬の底に接して座礁している状態。	投錨待機と混同せず、岩が甲板を貫くような不自然な構造を避ける。	ship-aground
capsize	A	船が横倒しに転覆した状態は通常の揺れと視覚的に区別できる。	小型船が転覆した事故状態。	単なる横揺れとして描かず、転覆原因や全船型の法則を教えない。	boat-capsized
flooded	A	船内の機関室に水が入った状態が、海面の波と区別できる。	船の機関室が浸水している状態。	外の海面だけの画像にせず、浸水すべてが必ず沈没するという因果を加えない。	flooded-engine-room
seelonce feenee	C	沈黙の終了通知という通信上の意味は静かな海の絵では伝わらない。	遭難通信の沈黙終了。	無通信の海を示すだけになる。	
watch	B	受信機の前に座る人だけでは聴守・通常通話・時計の語義を区別しにくい。	通信を受信できるよう聴守を続ける。	機器を見る行為だけを聴守と教える。	
guard	B	聴守する機器の絵はwatchとほぼ同じで、一般義との対比を増やしにくい。	周波数を目的語に取る聴守の動詞。	警備員・Coast Guardの画像へ引っ張る。	
traffic	C	無線通信と船舶交通の両義を単一無文字画像で正確に区別しにくい。	通信内容と船舶の往来の読み分け。	船の渋滞だけをtrafficの意味として固定。	
frequency	C	周波数という量は無文字の通信場面から識別できない。	無線周波数。	一般の出現頻度をヒートマップ化する。	
interference	B	通信機に雑音記号を置くだけでは干渉と受信機故障の違いを示せない。	他の送信等による通信の妨害。	受信機破損を描き別の原因に置換。	
clear	C	周波数・係留場所という多義の空き状態を一つの絵で示すと適用対象を狭める。	対象が空いている状態。	晴天や透明さの一般義へ引っ張る。	
sensitivity	C	弱い信号の検出能力という性能量を装置の絵だけでは表現できない。	受信感度。	感情の敏感さや音量と混同。	
port	B	港の絵は左舷の意味を隠し、左舷だけの絵も二義の区別を置き換えてしまうため本文による対比を優先。	港と左舷を文脈で分ける。	見る人の向きだけで左舷を判断する。	
starboard	B	右舷は描けるが視点の条件が必要で、単独の無文字画像では左右を誤読させやすい。	船首に向かうときの右舷。	観察者の右側と固定的な船側の混同。	
pilot	B	服装や船への乗船だけでは船長と水先人、航空の操縦士を識別できない。	海事の水先人と航空の操縦士の区別。	制服で職務を固定する。	
berth	A	岸壁に船を着ける指定位置が港全体・錨地と視覚的に分かれる。	船が岸壁の係留位置に着いている場面。	索の本数や配置を係留の正解として教えない。	ship-at-berth
anchorage	A	港外の水域で投錨待機する船は、岸壁のberthと位置関係が明確に違う。	錨を下ろして待つ水域。	錨の構造を詳述せず、船が岸壁に係留されている絵にしない。	ship-at-anchorage
fairway	B	航路の範囲は標識や文字がないと確定しにくく、浮標配置の誤った一般化を招く。	通航する航路・水域。	特定の浮標方式や優先航路を捏造。	
under keel clearance	A	船底と海底の間の余裕を空間として見せられる。	船底の下に残る水の隙間。	水深全体や水面上の高さと混同しない。数値・技術図面へ広げない。	under-keel-gap
air draught	A	水面から船の最上部までの高さを橋梁の通過場面と結び付けられる。	船の水面上の高さと上方の橋梁の関係。	橋梁の空き高さそのものをair draughtとして描かない。bridgeカードの船橋と区別。	ship-height-below-bridge
make fast	B	索の固定方法を描くと未確認の巻き方・結び方を実運用の正解に見せやすい。	係留索を固定する作業。	特定の索取扱手順を勝手に教える。	
single up	B	最小限の索を描くと本数・配置を普遍的な正解と受け取られやすい。	出港前に索を最小限残す状態。	全索解放や固定本数を正解にする。	
lines	B	係留場面の索は描けるが、独立したロープの絵は文脈によるlineの読み分けを増やしにくい。	係留索という対象。	通信回線や航路のlineとの区別が消える。	
lock	B	水位調整を示すには段階表示が必要で、単一場面では運河の門と誤認しやすい。	水位を調整して船を通す閘門。	設備構造・動作を未確認で具体化する。	
estimated time of arrival	C	到着の見込み時刻は数字なしの時計や港の絵では予定と実績を区別できない。	到着予定時刻。	到着済みの場面を予定と教える。	
next port of call	C	寄港の順序は経路の図解が必要で、単一港の絵には語のnextが表れない。	次に立ち寄る港。	最終目的地と同じ絵になる。	
final destination	C	移動の終点という概念は一港の画像だけでは途中の寄港地と区別できない。	最後の目的地。	寄港順を画像で捏造する。	
radio quarantine	B	通報場面は描けるが、検疫と普通の無線連絡の違いは文字の内容に依存する。	検疫に関する無線連絡。	無線機隔離や特定国の手続を描く。	
dense fog	A	港の入口の輪郭が濃霧で見えにくいという状況を直感的に理解できる。	濃い霧が港の入口を覆う場面。	煙や単なる曇天にしない。視界不良の原因すべてが霧という表現にしない。	fog-at-harbour
poor visibility	B	濃霧の画像で代用すると、視界の状態と原因の対比を消しやすい。	周囲の見通しが悪い状態。	視界不良を濃霧だけに固定。	
restricted visibility	B	視界制限の絵は濃霧カードと重なり、船の能力制約との区別は本文の方が正確。	視界が制限されている状況。	特定の原因へ狭める。	
hampered	B	舵の損傷を描くと一般の操船制約を一原因に固定し、技術的な故障図になりやすい。	操船が制約されている状態。	故障部位を捏造。	
fouled	A	推進器に索が絡まる状態は、単に汚れたという一般義と区別しやすい。	船の推進器にロープが絡んでいる状態。	propellerを船外の空中に置かない。装置の精密構造を必須として描かない。	rope-fouled-propeller
congested	B	多数の船の画像は描けるが、港の混雑以上の意味情報が少なく一カードの視認性を落とす。	船舶の往来が混雑した状態。	衝突や遭難を余分に追加。	
unseaworthy	C	航海に適するかの判断は船の見た目だけで確定できない。	航海に適さない状態。	損傷の見た目を航海不適の一般基準にする。	
dragging	B	錨が海底を引きずられる動きは単一画像で投錨と分けにくく、図解か複数段階が必要。	錨が船の位置を保てない走錨。	錨を巻き上げる作業と誤認。	
rolling	A	船幅方向の傾きと往復運動を船首側から示すと、縦揺れと区別できる。	左右の横揺れ。	単なる恒常的な傾斜や転覆にせず、pitchingの方向を混ぜない。	ship-rolling
pitching	A	横から船首・船尾の上下動を示すことで横揺れと明確に分けられる。	船首と船尾が上下する縦揺れ。	横揺れの図を使い回さず、船が水面から完全に浮く描写を避ける。	ship-pitching
swell	B	静止した波の絵では遠方から伝わるうねりと現地の風波を区別しにくい。	離れた場所から伝わるうねり。	荒波の一般画像へ置換。	
ballast	B	バラストタンクの場所・水の調整は船型依存で、未確認の配管図へ広がる。	船の姿勢・安定のための重し。	意図的な水と浸水を同じ絵にする。	
heading	C	向首方向と進行方向の差を確実に示すには複数ベクトルの図解が必要で、単一矢印画像では意味を壊しやすい。	船首・機首の向く方向。	courseと同じ船＋矢印へ単純化。	
bearing	C	方位は基準・観測位置を明示する必要があり、単一場面から値や方向を読み取れない。	対象の位置を示す方位。	自船の向首方向と混同。	
course	C	針路とheadingの対比を無文字の単一船画像で精確に示すのは難しい。	船・航空機の針路。	headingと同じ矢印画像にする。	
cable	C	距離単位は縮尺・数値なしの絵では学習情報を増やせない。	海事の距離単位。	電線の一般義を描く。	
knots	C	速度単位は静止画だけでは数や意味を示せない。	船速の単位ノット。	結び目の一般義を描く。	
make a lee	B	風向と遮蔽側を描くには図解が必要で、船の大小や配置を未確認の操船手順へ固定しやすい。	風の影響が小さい場所を作る。	避航の優先関係を追加する。	
heave to	B	低速・停船に近い状態は航行中の船と静止画で分けにくい。	援助を待つために船の動きを抑える。	投錨や機関故障と同じ場面になる。	
give way	C	避航の関係を絵にすると未確認の優先規則を暗示しやすい。	他船を避ける側の行動。	船の大小や船型を優先の規則として描く。	
keep clear	B	対象から離れる関係は描けるが、静止画では安全距離や動作を普遍的な指示に見せやすい。	対象から離れている。	clear the fairwayと混同。	
automatic identification system	B	機器外観では船の識別情報を自動で送る機能が見えず文字を必要とする。	船の識別情報を伝える装置。	EPIRBとの機能差を見た目だけで判定。	
bridge	A	船の上部で前方を見ながら操船する場所が普通の橋梁と明確に区別できる。	操船・航行を管理する船橋。	道路橋に置換しない。細かい計器や機種を識別の条件にしない。	ship-bridge
regularity of flight	C	正常な運航という概念は飛行機の絵だけでは伝わらない。	飛行の正常な運航。	定時性だけに狭める。	
public correspondence	C	公衆通信は通信内容の区分で、郵便や人物の画像では専門義がずれる。	業務通報と区別される公衆通信。	私的な手紙の一般義へ引っ張る。	
air traffic services	B	航空機と管制塔の絵は描けるが、業務全体を特定の建物・局へ狭める。	航空交通に関わる業務。	航空局と業務を同一視する。	
standardized phraseology	C	標準通信表現は言葉の使い方であり、航空機の絵では識別できない。	標準化された通信表現。	一般航空のイメージを添えるだけ。	
plain language	C	普通の言葉という表現方法は文字なし画像で標準表現と対比できない。	標準表現で伝えきれない場合の普通の言葉。	暗号に対する平文の絵にする。	
receiver failure	B	破損した受信機の外観は実際の受信故障の意味を固定してしまう。	応答を受信できない故障。	干渉や送信機故障と混同。	
transmitting blind	C	送信できても受信できない状況は単一無文字場面で示せない。	応答を聞けないまま送信する。	無送信や視覚障害の一般義へ引っ張る。	
shall	C	義務の構文機能は物・人物の絵で正確に示せない。	主体に義務を課す。	法律書やハンマーの装飾になる。	
shall not	C	禁止の構文は画像の動作だけでは義務との区別が成立しない。	行為を禁止する。	非義務と禁止の混同。	
may	C	許可と可能性は画像の行為から判定できない。	文脈に応じた許可。	実行した行為を許可・義務と断定。	
unless	C	例外条件は単一場面で論理関係を保てない。	本則が外れる条件。	条件を逆に示す。	
except	C	対象の除外は無文字の場面だけでは特定できない。	適用対象からの除外。	適用対象を画像で固定する。	
provided	C	条件付きの許可は物の外観に置換できない。	許可が成立する条件。	装備されているprovidedの用法へ引っ張る。	
subject to	C	承認や他規定との適用関係は単一場面にできない。	承認・規定による制約。	無条件の許可の絵になる。	
at least	C	下限は数値・比較が必要で、物の数を描くと実際の必要数を捏造する。	数量の下限。	二台の機器を普遍的義務にする。	
in accordance with	C	準拠先という構文は書類の絵だけでは伝わらない。	従う手順・規定との関係。	法令講座へ拡張。	
prior to	C	時系列は単一場面では前後を識別できない。	ある出来事の前。	出発時刻を捏造する。	
only when	C	限定条件を無文字の場面から読めない。	条件が満たされる場合に限る。	一つの状況を許可の全条件とする。	
where practicable	C	実行可能性の限定は一つの場面へ固定できない。	実行可能な場合の条件。	場所を示すwhereに誤読させる。	
on the authority of	C	権限関係は人物の服装や位置では確定できない。	誰の権限に基づく行為か。	役職の見た目で権限を推測する。	
without delay	C	遅滞なくという時の指示は時計画像では示せない。	先送りせず行う。	具体的な時間の下限を捏造する。	
regardless of	C	違いに左右されない適用は一場面だけでは論理関係を描けない。	相違にかかわらない適用。	適用除外を逆に示す。	
bulkhead	B	船内壁は描けるが区画を分ける機能には断面・構造図が必要で、通常の壁との差が小さい。	船内を区画に分ける隔壁。	未確認の水密構造を一律に描く。	
bulbous bow	A	水線下の球状突出部の位置・形を直感的に確認できる。	船首の水面付近にある球状の突出部分。	船尾やプロペラにしない。全船に装備されるという一般化をしない。	bulbous-bow
